﻿Reference designators,Quantity,MPN,Manufacturer,Part description,Value,SPN,Supplier,Package
"C1","1","","","Polarized Capacitor, 470uF","470uF","","",""
"D1,D2,D3,D4,D5","5","1N5408","Galco Industrial Electronics","Diode","","","",""
"ESP1","1","ESP32-DEVKITC","Espressif Systems","Development Boards","","","",""
"J1","1","","","Connector","","","",""
"J2","1","0530470410","Molex","Connector","","","",""
"J3","1","0532530770","Molex","Connector","","","",""
"J4,J5,J6,J7","4","0530470210","Molex","Connector","","","",""
"K1","1","SRD-05VDC-SL-C","Ningbo Songle Relay","Relay","","","",""
"LED1","1","WP7113SRD/D","Kingbright","LED","","","",""
"Q1","1","PN2222ATF","onsemi","Transistor","","","",""
"R1,R2,R3,R4,R5","5","RNF14FTD10K0","Stackpole Electronics Inc","Resistor, 1kΩ","1kΩ","","",""
"U1","1","L7812CV","STMicroelectronics","Integrated Circuit","","","",""
"U2","1","LM7805CT/NOPB","Texas Instruments","Integrated Circuit","","","",""
