﻿Item #,Ref Des,Qty,Manufacturer,Mfg Part #,Description / Value,Package,Type,Your Instructions / Notes
"1","C1","1","","","Polarized Capacitor, 470uF","","",""
"2","D1,D2,D3,D4,D5","5","Galco Industrial Electronics","1N5408","Diode","","",""
"3","ESP1","1","Espressif Systems","ESP32-DEVKITC","Development Boards","","",""
"4","J1","1","","","Connector","","",""
"5","J2","1","Molex","0530470410","Connector","","",""
"6","J3","1","Molex","0532530770","Connector","","",""
"7","J4,J5,J6,J7","4","Molex","0530470210","Connector","","",""
"8","K1","1","Ningbo Songle Relay","SRD-05VDC-SL-C","Relay","","",""
"9","LED1","1","Kingbright","WP7113SRD/D","LED","","",""
"10","Q1","1","onsemi","PN2222ATF","Transistor","","",""
"11","R1,R2,R3,R4,R5","5","Stackpole Electronics Inc","RNF14FTD10K0","Resistor, 1kΩ","","",""
"12","U1","1","STMicroelectronics","L7812CV","Integrated Circuit","","",""
"13","U2","1","Texas Instruments","LM7805CT/NOPB","Integrated Circuit","","",""
