﻿Designator,Quantity,Element UIDs,Part UID,Specification,Part Type,Domain,Compliance,Operating Voltage,Operating Temperature,Reliability Target (MTBF),Software,Power Requirements,Connectivity,Human Interface,Manufacturing Quantity Target,Manufacturer Part Number,Manufacturer Name,Price Change Threshold,Lead Time Change Threshold,Pricing Notifcation Frequency,Preferred Distributors,Datasheet URL,License,Package or Case Code,Terminal Type,Pin Type,Voltage,Forward Voltage,Max Reverse Voltage,Breakdown Voltage,Threshold Voltage,Max Output Voltage,Max Input Voltage,Initial Voltage on Reset,Resistance,Gate Resistance,On Resistance,Off Resistance,Tolerance,Capacitance,Power,Current,Leakage Current,Saturation Current,Initial Current on Reset,Trigger Current,Holding Current,Frequency,Inductance,Beta,Gain,Coupling Coefficient,Ratio,Price,Purchase Url,Product Info Url,Substitute Manufacturer Part Number,KiCAD Library Reference,Exclude from PCB,Controlled Impedance,Controlled Impedance Tolerance,PN Skew Max,Pair to Pair Skew Max,Pin Delay,Controlled Impedance Pair,Bus Group,Pair Role,Pin Role,Bus Type,Designator Prefix
"C1","1","4edffdbf-d1d3-4129-bd07-dc7c9037c9af","f8703ff7-4aaf-4a89-9691-5f566b050265","Polarized Capacitor, 470uF","Polarized Capacitor","","","","","","","","","","","","","","","","","","https://creativecommons.org/licenses/by/4.0/","","","","","","","","","","","","","","","","","470uF","","","","","","","","","","","","","","","","","","","","","","","","","","","","","","C"
"D1,D2,D3,D4,D5","5","1725e8f0-50b5-48ae-8f40-672eab28d4d5,48487fe9-ffdc-4030-9579-c1e7c7c7e860,7831556e-0ac6-45c8-9c48-8f4e1b2c6e60,85ca1f19-bd24-43be-b8b2-9812f56b025a,e03f7628-f875-4c4e-9f09-385bd15a0faa","9e5a2601-6299-6651-0a57-ce2df16207b5","Diode","Diode","","","","","","","","","","","1N5408","Galco Industrial Electronics","","","","","https://diotec.com/tl_files/diotec/files/pdf/datasheets/1n5400.pdf","https://creativecommons.org/licenses/by/4.0/","","","","","","","","","","","","","","","","","","","","","","","","","","","","","","","","","","","","","","","","","","","","","","","D"
"ESP1","1","b9fdfba2-1b3e-490d-8992-e18d39edbe5b","bae79568-e92e-a0fe-f28f-b7263229fc82","Development Boards","Development Boards","","","","","","","","","","","ESP32-DEVKITC","Espressif Systems","","","","","http://espressif.com/sites/default/files/documentation/esp32_datasheet_en.pdf","","","","","","","","","","","","","","","","","","","","","","","","","","","","","","","","","","","","","","","","","","","","","","","","ESP"
"J1","1","3edbaed9-36cf-4ae1-ac85-6cc9acb21338","02d2a910-6123-167a-ffdc-13dcfd73d6b6","Connector","Connector","","","","","","","","","","","","","","","","","","","","","","","","","","","","","","","","","","","","","","","","","","","","","","","","","","","","","","","","","","","","","","","","","J"
"J2","1","31658c78-1bd0-4a95-b528-9eab108b6656","89c4ca36-4659-4205-be11-fd380694f6c3","Connector","Connector","","","","","","","","","","","0530470410","Molex","","","","","https://www.molex.com/pdm_docs/sd/530470410_sd.pdf","https://creativecommons.org/licenses/by/4.0/","","","","","","","","","","","","","","","","","","","","","","","","","","","","","","","","","","","","","","","","","","","","","","","J"
"J3","1","bc398b19-27cc-4b92-8f9b-0a345c5d6708","47b29db9-f16e-4974-9e18-5673c4cd0524","Connector","Connector","","","","","","","","","","","0532530770","Molex","","","","","https://www.content.molex.com/dxdam/literature/987651-8983.pdf?","","","","","","","","","","","","","","","","","","","","","","","","","","","","","","","","","","https://www.molex.com/molex/products/part-detail/pcb_headers/0532530770#","","","","","","","","","","","","","","J"
"J4,J5,J6,J7","4","4738852b-bdd8-4393-92fe-4ec91b8e447f,63613d55-5182-4584-94bf-889292315d33,99c2a4e8-2b4e-4f77-a690-3e6a1c9bfb08,e01aae04-4231-488f-b2bc-d493cdbb0bb3","07d26681-58fb-4e38-831e-1ef9c45bedc8","Connector","Connector","","","","","","","","","","","0530470210","Molex","","","","","https://www.molex.com/pdm_docs/sd/530470210_sd.pdf","https://creativecommons.org/licenses/by/4.0/","","","","","","","","","","","","","","","","","","","","","","","","","","","","","","","","","","","","","","","","","","","","","","","J"
"K1","1","fdca2904-4e6c-47ea-bdb7-d7c90f02530f","aefd35fa-5838-456e-ae8e-ed24df408ebd","Relay","Relay","","","","","","","","","","","SRD-05VDC-SL-C","Ningbo Songle Relay","","","","","https://datasheet.lcsc.com/lcsc/1811021933_Ningbo-Songle-Relay-SRD-05VDC-SL-C_C35449.pdf","https://creativecommons.org/licenses/by/4.0/","","","","","","","","","","","","","","","","","","","","","","","","","","","","","","","","","","","","","","","","","","","","","","","K"
"LED1","1","f78acb39-3247-4227-8ded-4362dcca08eb","019b4edb-3dd4-4bbb-8a91-551a2c270c98","LED","LED","","","","","","","","","","","WP7113SRD/D","Kingbright","","","","","https://www.kingbrightusa.com/images/catalog/SPEC/WP7113SRD-D.pdf","https://creativecommons.org/licenses/by/4.0/","","","","","1.85V","","","","","","","","","","","","","","","","","","","","","","","","","","","","","","","","","","","","","","","","","","LED"
"Q1","1","d49f344b-6d0f-449f-baa0-59b3c441a0f4","31b50817-26d7-f586-a1af-a91c3d0a3dba","Transistor","Transistor","","","","","","","","","","","PN2222ATF","onsemi","","","","","https://www.onsemi.com/pdf/datasheet/pn2222a-d.pdf","https://creativecommons.org/licenses/by/4.0/","","","","","","","","","","","","","","","","","","","","","","","","","","","","","","","","","","","","","","","","","","","","","","","Q"
"R1,R2,R3,R4,R5","5","60ba0bb5-ca25-44dd-8b81-d7b236f74dbe,824adedd-ff16-4eaf-abd0-0aa8c7813aac,d5c13580-6adc-48be-a5fc-01160161bea7,e09019ec-733b-4a1e-bf79-607eaf24331f,e97387b3-984c-4ca7-ab6a-f499d6d17801","31ebae6d-9c6b-44e6-a57f-943b6e556c17","Resistor, 1kΩ","Resistor","","","","","","","","","","","RNF14FTD10K0","Stackpole Electronics Inc","","","","","https://www.seielect.com/catalog/sei-rnf_rnmf.pdf","https://creativecommons.org/licenses/by/4.0/","","","","","","","","","","","","1kΩ,10kΩ","","","","","","","","","","","","","","","","","","","","","","","","","","","","","","","","","","","R"
"U1","1","5206657b-16fa-4935-9368-adeb0b688e0f","1559633e-a208-a4bc-424b-8d1a6d57fc71","Integrated Circuit","Integrated Circuit","","","","","","","","","","","L7812CV","STMicroelectronics","","","","","https://www.st.com/content/ccc/resource/technical/document/datasheet/41/4f/b3/b0/12/d4/47/88/CD00000444.pdf/files/CD00000444.pdf/jcr:content/translations/en.CD00000444.pdf","https://creativecommons.org/licenses/by/4.0/","","","","","","","","","","","","","","","","","","","","","","","","","","","","","","","","","","","","","","","","","","","","","","","U"
"U2","1","8548bfd3-cfe1-4e6a-ae67-190dbc3e1893","f2e096fa-51ef-beaa-a8cc-3ba092711878","Integrated Circuit","Integrated Circuit","","","","","","","","","","","LM7805CT/NOPB","Texas Instruments","","","","","https://www.ti.com/lit/ds/symlink/lm340.pdf","https://creativecommons.org/licenses/by/4.0/","","","","","","","","","","","","","","","","","","","","","","","","","","","","","","","","","","","","","","","","","","","","","","","U"
