﻿Component Description,QTY,Ref Des,Mfg P/N #,Manufacturer,Distributor P/N #
"Polarized Capacitor, 470uF","1","C1","","",""
"Diode","5","D1,D2,D3,D4,D5","1N5408","Galco Industrial Electronics",""
"Development Boards","1","ESP1","ESP32-DEVKITC","Espressif Systems",""
"Connector","1","J1","","",""
"Connector","1","J2","0530470410","Molex",""
"Connector","1","J3","0532530770","Molex",""
"Connector","4","J4,J5,J6,J7","0530470210","Molex",""
"Relay","1","K1","SRD-05VDC-SL-C","Ningbo Songle Relay",""
"LED","1","LED1","WP7113SRD/D","Kingbright",""
"Transistor","1","Q1","PN2222ATF","onsemi",""
"Resistor, 1kΩ","5","R1,R2,R3,R4,R5","RNF14FTD10K0","Stackpole Electronics Inc",""
"Integrated Circuit","1","U1","L7812CV","STMicroelectronics",""
"Integrated Circuit","1","U2","LM7805CT/NOPB","Texas Instruments",""
